{"mean": [0.48132115602493286], "std": [0.22555536031723022]}